{
  "trial_number": 113,
  "train_mean": 7124.878260869566,
  "train_worst": 1220.8125,
  "unseen_mean": 8477.35,
  "params": {
    "small_open_threshold_bb": 2.2166182081890877,
    "small_open_3bet_boost": 1.103025923096168,
    "small_open_call_boost": 1.5086747726518355,
    "rfi_tightness": 1.477454610694037,
    "threebet_tightness": 1.3391654242812583,
    "fourbet_tightness": 1.108324590703882,
    "stack_short_tightness": 1.014731508626529,
    "shrink_widening_factor": 0.03964104294756293,
    "cold_start_caution": 0.004767915035351152,
    "open_size_bb": 2.1414078217671326,
    "threebet_size_ip": 4.2846254636693875,
    "threebet_size_oop": 4.382013629185263,
    "equity_value_bet": 0.6709630692897461,
    "equity_thin_value": 0.5285165431756961,
    "equity_call_threshold": 0.34762822117870573,
    "equity_raise_threshold": 0.828450476232526,
    "pot_odds_buffer_normal": 0.051597359725525344,
    "pot_odds_buffer_marginal": 0.2623832795717743,
    "stack_risk_high_eq_normal": 0.8317543439600956,
    "stack_risk_high_eq_maniac": 0.7574642136940913,
    "stack_risk_med_eq_normal": 0.6787593170396408,
    "stack_risk_med_eq_maniac": 0.7457498257767895,
    "sizing_value": 0.7506425528778544,
    "cbet_size_pct": 0.4232727031876083,
    "cbet_freq_base": 0.690138897577619,
    "k_texture_paired": 0.12283483465904683,
    "k_texture_monotone": 0.17714863700567698,
    "k_texture_connected": -0.06562942808725324,
    "k_texture_high_card": 0.02558834581722577,
    "cbet_multiway_penalty": 0.7566556051588263,
    "spr_commit_threshold": 5.948106361212688,
    "spr_smoothness": 1.9766833938407522,
    "river_mdf_aggression": 1.4201427350551254,
    "k_river_bluff_blocker": 0.036782381506475066,
    "river_value_thin_threshold": 0.6915223589811583,
    "river_value_strong_threshold": 0.8273689307085025,
    "bluff_freq_ip": 0.195666336818534,
    "bluff_freq_oop": 0.10524841991366364,
    "k_commit": 0.056259093895241835,
    "k_standing": 0.37944195679320897,
    "standing_alpha": 0.037502466359201535,
    "standing_beta": 0.2512163745736187,
    "k_bluff_vs_cbet_folder": 0.34099180489740755,
    "k_bluff_vs_2barrel_folder": 0.18625442952994054,
    "k_bluff_vs_3barrel_folder": 0.12199793551311655,
    "k_bluff_vs_wtsd": 0.16967396117951689,
    "k_value_size_vs_station": 0.41208298048434755,
    "k_tightness_vs_3bet_freq": 0.06922271041833988,
    "k_call_threshold_vs_aggression": 0.025718804676295295,
    "k_4bet_vs_3bet_freq": 0.055245970952286755,
    "variance_c": 0.0854652914645017
  },
  "env_vars": {
    "SKANT_SMALL_OPEN_THRESHOLD_BB": "2.2166182081890877",
    "SKANT_SMALL_OPEN_3BET_BOOST": "1.103025923096168",
    "SKANT_SMALL_OPEN_CALL_BOOST": "1.5086747726518355",
    "SKANT_RFI_TIGHTNESS": "1.477454610694037",
    "SKANT_THREEBET_TIGHTNESS": "1.3391654242812583",
    "SKANT_FOURBET_TIGHTNESS": "1.108324590703882",
    "SKANT_STACK_SHORT_TIGHTNESS": "1.014731508626529",
    "SKANT_SHRINK_WIDENING_FACTOR": "0.03964104294756293",
    "SKANT_COLD_START_CAUTION": "0.004767915035351152",
    "SKANT_OPEN_SIZE_BB": "2.1414078217671326",
    "SKANT_THREEBET_SIZE_IP": "4.2846254636693875",
    "SKANT_THREEBET_SIZE_OOP": "4.382013629185263",
    "SKANT_EQUITY_VALUE_BET": "0.6709630692897461",
    "SKANT_EQUITY_THIN_VALUE": "0.5285165431756961",
    "SKANT_EQUITY_CALL_THRESHOLD": "0.34762822117870573",
    "SKANT_EQUITY_RAISE_THRESHOLD": "0.828450476232526",
    "SKANT_POT_ODDS_BUFFER_NORMAL": "0.051597359725525344",
    "SKANT_POT_ODDS_BUFFER_MARGINAL": "0.2623832795717743",
    "SKANT_STACK_RISK_HIGH_EQ_NORMAL": "0.8317543439600956",
    "SKANT_STACK_RISK_HIGH_EQ_MANIAC": "0.7574642136940913",
    "SKANT_STACK_RISK_MED_EQ_NORMAL": "0.6787593170396408",
    "SKANT_STACK_RISK_MED_EQ_MANIAC": "0.7457498257767895",
    "SKANT_SIZING_VALUE": "0.7506425528778544",
    "SKANT_CBET_SIZE_PCT": "0.4232727031876083",
    "SKANT_CBET_FREQ_BASE": "0.690138897577619",
    "SKANT_K_TEXTURE_PAIRED": "0.12283483465904683",
    "SKANT_K_TEXTURE_MONOTONE": "0.17714863700567698",
    "SKANT_K_TEXTURE_CONNECTED": "-0.06562942808725324",
    "SKANT_K_TEXTURE_HIGH_CARD": "0.02558834581722577",
    "SKANT_CBET_MULTIWAY_PENALTY": "0.7566556051588263",
    "SKANT_SPR_COMMIT_THRESHOLD": "5.948106361212688",
    "SKANT_SPR_SMOOTHNESS": "1.9766833938407522",
    "SKANT_RIVER_MDF_AGGRESSION": "1.4201427350551254",
    "SKANT_K_RIVER_BLUFF_BLOCKER": "0.036782381506475066",
    "SKANT_RIVER_VALUE_THIN_THRESHOLD": "0.6915223589811583",
    "SKANT_RIVER_VALUE_STRONG_THRESHOLD": "0.8273689307085025",
    "SKANT_BLUFF_FREQ_IP": "0.195666336818534",
    "SKANT_BLUFF_FREQ_OOP": "0.10524841991366364",
    "SKANT_K_COMMIT": "0.056259093895241835",
    "SKANT_K_STANDING": "0.37944195679320897",
    "SKANT_STANDING_ALPHA": "0.037502466359201535",
    "SKANT_STANDING_BETA": "0.2512163745736187",
    "SKANT_K_BLUFF_VS_CBET_FOLDER": "0.34099180489740755",
    "SKANT_K_BLUFF_VS_2BARREL_FOLDER": "0.18625442952994054",
    "SKANT_K_BLUFF_VS_3BARREL_FOLDER": "0.12199793551311655",
    "SKANT_K_BLUFF_VS_WTSD": "0.16967396117951689",
    "SKANT_K_VALUE_SIZE_VS_STATION": "0.41208298048434755",
    "SKANT_K_TIGHTNESS_VS_3BET_FREQ": "0.06922271041833988",
    "SKANT_K_CALL_THRESHOLD_VS_AGGRESSION": "0.025718804676295295",
    "SKANT_K_4BET_VS_3BET_FREQ": "0.055245970952286755",
    "SKANT_VARIANCE_C": "0.0854652914645017"
  }
}