{
  "trial_number": 109,
  "mean_perf": 7002.770666666666,
  "worst_perf": 1400.0,
  "params": {
    "small_open_threshold_bb": 2.0763231967439904,
    "small_open_3bet_boost": 1.3149057221568696,
    "small_open_call_boost": 1.2975543753499577,
    "rfi_tightness": 1.6415074696909184,
    "threebet_tightness": 1.2465206172391268,
    "fourbet_tightness": 1.0413534339392534,
    "stack_short_tightness": 1.0557468239705454,
    "shrink_widening_factor": 0.01598555346613988,
    "cold_start_caution": 0.01794501076737654,
    "open_size_bb": 2.0023158016372236,
    "threebet_size_ip": 3.2801758748966363,
    "threebet_size_oop": 3.397173960387801,
    "equity_value_bet": 0.6104701611923146,
    "equity_thin_value": 0.592288560249045,
    "equity_call_threshold": 0.31330974410618756,
    "equity_raise_threshold": 0.759262878257757,
    "pot_odds_buffer_normal": 0.05769750226931837,
    "pot_odds_buffer_marginal": 0.22545112333760112,
    "stack_risk_high_eq_normal": 0.8601718456664265,
    "stack_risk_high_eq_maniac": 0.7642894222126921,
    "stack_risk_med_eq_normal": 0.6941353193029238,
    "stack_risk_med_eq_maniac": 0.7115386164242031,
    "sizing_value": 0.7598631857151055,
    "cbet_size_pct": 0.5929142756757692,
    "cbet_freq_base": 0.7001813694102327,
    "k_texture_paired": -0.1500741770068746,
    "k_texture_monotone": -0.055181916781891396,
    "k_texture_connected": -0.03887411403173602,
    "k_texture_high_card": 0.09931229512845538,
    "cbet_multiway_penalty": 0.7497819547605563,
    "spr_commit_threshold": 5.8424577581939,
    "spr_smoothness": 1.2460082739229672,
    "river_mdf_aggression": 1.0078428478443362,
    "k_river_bluff_blocker": -0.07836354578045383,
    "river_value_thin_threshold": 0.5735229260653004,
    "river_value_strong_threshold": 0.8347707398741058,
    "bluff_freq_ip": 0.09660763795764471,
    "bluff_freq_oop": 0.06361408154894786,
    "k_commit": 0.16545819283303523,
    "k_standing": 0.07373504308183748,
    "standing_alpha": 0.0625763789459984,
    "standing_beta": 0.1443887313146424,
    "k_bluff_vs_cbet_folder": 0.33007802612933335,
    "k_bluff_vs_2barrel_folder": 0.4351515765053737,
    "k_bluff_vs_3barrel_folder": 0.0240898271207007,
    "k_bluff_vs_wtsd": 0.2717421407822112,
    "k_value_size_vs_station": 0.3773785235913284,
    "k_tightness_vs_3bet_freq": 0.17710710119195472,
    "k_call_threshold_vs_aggression": 0.2690263069781635,
    "k_4bet_vs_3bet_freq": 0.07104325773886552,
    "variance_c": 0.054782025546125726
  },
  "env_vars": {
    "SKANT_SMALL_OPEN_THRESHOLD_BB": "2.0763231967439904",
    "SKANT_SMALL_OPEN_3BET_BOOST": "1.3149057221568696",
    "SKANT_SMALL_OPEN_CALL_BOOST": "1.2975543753499577",
    "SKANT_RFI_TIGHTNESS": "1.6415074696909184",
    "SKANT_THREEBET_TIGHTNESS": "1.2465206172391268",
    "SKANT_FOURBET_TIGHTNESS": "1.0413534339392534",
    "SKANT_STACK_SHORT_TIGHTNESS": "1.0557468239705454",
    "SKANT_SHRINK_WIDENING_FACTOR": "0.01598555346613988",
    "SKANT_COLD_START_CAUTION": "0.01794501076737654",
    "SKANT_OPEN_SIZE_BB": "2.0023158016372236",
    "SKANT_THREEBET_SIZE_IP": "3.2801758748966363",
    "SKANT_THREEBET_SIZE_OOP": "3.397173960387801",
    "SKANT_EQUITY_VALUE_BET": "0.6104701611923146",
    "SKANT_EQUITY_THIN_VALUE": "0.592288560249045",
    "SKANT_EQUITY_CALL_THRESHOLD": "0.31330974410618756",
    "SKANT_EQUITY_RAISE_THRESHOLD": "0.759262878257757",
    "SKANT_POT_ODDS_BUFFER_NORMAL": "0.05769750226931837",
    "SKANT_POT_ODDS_BUFFER_MARGINAL": "0.22545112333760112",
    "SKANT_STACK_RISK_HIGH_EQ_NORMAL": "0.8601718456664265",
    "SKANT_STACK_RISK_HIGH_EQ_MANIAC": "0.7642894222126921",
    "SKANT_STACK_RISK_MED_EQ_NORMAL": "0.6941353193029238",
    "SKANT_STACK_RISK_MED_EQ_MANIAC": "0.7115386164242031",
    "SKANT_SIZING_VALUE": "0.7598631857151055",
    "SKANT_CBET_SIZE_PCT": "0.5929142756757692",
    "SKANT_CBET_FREQ_BASE": "0.7001813694102327",
    "SKANT_K_TEXTURE_PAIRED": "-0.1500741770068746",
    "SKANT_K_TEXTURE_MONOTONE": "-0.055181916781891396",
    "SKANT_K_TEXTURE_CONNECTED": "-0.03887411403173602",
    "SKANT_K_TEXTURE_HIGH_CARD": "0.09931229512845538",
    "SKANT_CBET_MULTIWAY_PENALTY": "0.7497819547605563",
    "SKANT_SPR_COMMIT_THRESHOLD": "5.8424577581939",
    "SKANT_SPR_SMOOTHNESS": "1.2460082739229672",
    "SKANT_RIVER_MDF_AGGRESSION": "1.0078428478443362",
    "SKANT_K_RIVER_BLUFF_BLOCKER": "-0.07836354578045383",
    "SKANT_RIVER_VALUE_THIN_THRESHOLD": "0.5735229260653004",
    "SKANT_RIVER_VALUE_STRONG_THRESHOLD": "0.8347707398741058",
    "SKANT_BLUFF_FREQ_IP": "0.09660763795764471",
    "SKANT_BLUFF_FREQ_OOP": "0.06361408154894786",
    "SKANT_K_COMMIT": "0.16545819283303523",
    "SKANT_K_STANDING": "0.07373504308183748",
    "SKANT_STANDING_ALPHA": "0.0625763789459984",
    "SKANT_STANDING_BETA": "0.1443887313146424",
    "SKANT_K_BLUFF_VS_CBET_FOLDER": "0.33007802612933335",
    "SKANT_K_BLUFF_VS_2BARREL_FOLDER": "0.4351515765053737",
    "SKANT_K_BLUFF_VS_3BARREL_FOLDER": "0.0240898271207007",
    "SKANT_K_BLUFF_VS_WTSD": "0.2717421407822112",
    "SKANT_K_VALUE_SIZE_VS_STATION": "0.3773785235913284",
    "SKANT_K_TIGHTNESS_VS_3BET_FREQ": "0.17710710119195472",
    "SKANT_K_CALL_THRESHOLD_VS_AGGRESSION": "0.2690263069781635",
    "SKANT_K_4BET_VS_3BET_FREQ": "0.07104325773886552",
    "SKANT_VARIANCE_C": "0.054782025546125726"
  }
}